{"cameraMode":{"drawMode":0,"name":"Shaded","section":"Shading Mode"},"sceneLighting":false,"audioPlay":false,"sceneViewState":{"showFog":false,"showMaterialUpdate":false,"showSkybox":false,"showFlares":false,"showImageEffects":false,"showParticleSystems":false},"in2DMode":false,"pivot":{"x":-0.0646718293428421,"y":0.34593474864959719,"z":0.10399172455072403},"rotation":{"x":0.039305299520492557,"y":-0.3124126195907593,"z":0.012967616319656372,"w":0.9490640163421631},"size":1.4433345794677735,"orthographic":false}