{"cameraMode":{"drawMode":0,"name":"Shaded","section":"Shading Mode"},"sceneLighting":true,"audioPlay":false,"sceneViewState":{"showFog":false,"showMaterialUpdate":false,"showSkybox":false,"showFlares":false,"showImageEffects":false,"showParticleSystems":false},"in2DMode":false,"pivot":{"x":-6.66802978515625,"y":23.141799926757814,"z":32.385101318359378},"rotation":{"x":0.12037022411823273,"y":0.0643107146024704,"z":-0.007759373169392347,"w":0.9907293319702148},"size":280.6875915527344,"orthographic":false}