{"cameraMode":{"drawMode":0,"name":"Shaded","section":"Shading Mode"},"sceneLighting":false,"audioPlay":false,"sceneViewState":{"showFog":false,"showMaterialUpdate":false,"showSkybox":false,"showFlares":false,"showImageEffects":false,"showParticleSystems":false},"in2DMode":false,"pivot":{"x":-0.6037742495536804,"y":-1.7023590803146363,"z":16.332029342651368},"rotation":{"x":-0.14974632859230042,"y":-0.0023770593106746675,"z":0.00035271808155812323,"w":-0.9887394905090332},"size":17.738670349121095,"orthographic":false}