{"cameraMode":{"drawMode":0,"name":"Shaded","section":"Shading Mode"},"sceneLighting":false,"audioPlay":false,"sceneViewState":{"showFog":false,"showMaterialUpdate":false,"showSkybox":false,"showFlares":false,"showImageEffects":false,"showParticleSystems":false},"in2DMode":false,"pivot":{"x":5.416044235229492,"y":1.06361722946167,"z":5.726917743682861},"rotation":{"x":-0.1808094084262848,"y":0.005012736190110445,"z":-0.0009229736169800162,"w":-0.9835169911384583},"size":8.653131484985352,"orthographic":false}