{"cameraMode":{"drawMode":0,"name":"Shaded","section":"Shading Mode"},"sceneLighting":false,"audioPlay":false,"sceneViewState":{"showFog":false,"showMaterialUpdate":false,"showSkybox":false,"showFlares":false,"showImageEffects":false,"showParticleSystems":false},"in2DMode":false,"pivot":{"x":10.073552131652832,"y":3.7632339000701906,"z":-0.42288166284561159},"rotation":{"x":0.07166289538145066,"y":-0.41467657685279848,"z":0.03281540423631668,"w":0.9065614342689514},"size":1.4433351755142213,"orthographic":false}