{"cameraMode":{"drawMode":0,"name":"Shaded","section":"Shading Mode"},"sceneLighting":false,"audioPlay":false,"sceneViewState":{"showFog":false,"showMaterialUpdate":false,"showSkybox":false,"showFlares":false,"showImageEffects":false,"showParticleSystems":false},"in2DMode":false,"pivot":{"x":-6.351818084716797,"y":0.9576836824417114,"z":3.9643092155456545},"rotation":{"x":-0.2467339187860489,"y":0.004938398953527212,"z":-0.0012604560470208526,"w":-0.9690800309181213},"size":1.8619751930236817,"orthographic":false}