{"cameraMode":{"drawMode":0,"name":"Shaded","section":"Shading Mode"},"sceneLighting":false,"audioPlay":false,"sceneViewState":{"showFog":false,"showMaterialUpdate":false,"showSkybox":false,"showFlares":false,"showImageEffects":false,"showParticleSystems":false},"in2DMode":false,"pivot":{"x":0.14012478291988374,"y":0.4720346927642822,"z":0.22518864274024964},"rotation":{"x":-0.05575500428676605,"y":0.3291366994380951,"z":0.01950223185122013,"w":0.9424644112586975},"size":1.428942322731018,"orthographic":false}