{"cameraMode":{"drawMode":0,"name":"Shaded","section":"Shading Mode"},"sceneLighting":false,"audioPlay":false,"sceneViewState":{"showFog":false,"showMaterialUpdate":false,"showSkybox":false,"showFlares":false,"showImageEffects":false,"showParticleSystems":false},"in2DMode":false,"pivot":{"x":5.849482536315918,"y":0.7757712006568909,"z":-0.47370606660842898},"rotation":{"x":-0.007748857606202364,"y":-0.2940899431705475,"z":-0.002359366277232766,"w":0.9557600021362305},"size":1.4433351755142213,"orthographic":false}