{"cameraMode":{"drawMode":0,"name":"Shaded","section":"Shading Mode"},"sceneLighting":false,"audioPlay":false,"sceneViewState":{"showFog":false,"showMaterialUpdate":false,"showSkybox":false,"showFlares":false,"showImageEffects":false,"showParticleSystems":false},"in2DMode":false,"pivot":{"x":114.31674194335938,"y":126.33447265625,"z":499.9054260253906},"rotation":{"x":-0.009599960409104824,"y":-0.01200962346047163,"z":-0.00008239289309130982,"w":0.9999086856842041},"size":772.4989013671875,"orthographic":false}