{"cameraMode":{"drawMode":0,"name":"Shaded","section":"Shading Mode"},"sceneLighting":true,"audioPlay":false,"sceneViewState":{"showFog":false,"showMaterialUpdate":false,"showSkybox":false,"showFlares":false,"showImageEffects":false,"showParticleSystems":false},"in2DMode":false,"pivot":{"x":0.5661467909812927,"y":-64.09973907470703,"z":84.62232971191406},"rotation":{"x":0.3367878198623657,"y":0.007069272920489311,"z":-0.0025046654045581819,"w":0.9415925145149231},"size":111.9867172241211,"orthographic":false}