{"cameraMode":{"drawMode":0,"name":"Shaded","section":"Shading Mode"},"sceneLighting":false,"audioPlay":false,"sceneViewState":{"showFog":false,"showMaterialUpdate":false,"showSkybox":false,"showFlares":false,"showImageEffects":false,"showParticleSystems":false},"in2DMode":false,"pivot":{"x":0.11264561861753464,"y":0.1439053863286972,"z":-0.9189627170562744},"rotation":{"x":0.14130111038684846,"y":-0.04157109558582306,"z":0.005968695040792227,"w":0.989094078540802},"size":1.4433345794677735,"orthographic":false}