{"cameraMode":{"drawMode":0,"name":"Shaded","section":"Shading Mode"},"sceneLighting":false,"audioPlay":false,"sceneViewState":{"showFog":false,"showMaterialUpdate":false,"showSkybox":false,"showFlares":false,"showImageEffects":false,"showParticleSystems":false},"in2DMode":false,"pivot":{"x":0.5588713884353638,"y":0.5637094378471375,"z":0.07390190660953522},"rotation":{"x":0.04256897047162056,"y":-0.7568906545639038,"z":0.049589693546295169,"w":0.6502928137779236},"size":1.4433345794677735,"orthographic":false}