{"cameraMode":{"drawMode":0,"name":"Shaded","section":"Shading Mode"},"sceneLighting":false,"audioPlay":false,"sceneViewState":{"showFog":false,"showMaterialUpdate":false,"showSkybox":false,"showFlares":false,"showImageEffects":false,"showParticleSystems":false},"in2DMode":false,"pivot":{"x":-0.7899494171142578,"y":2.07442569732666,"z":-8.901939392089844},"rotation":{"x":-0.06322496384382248,"y":0.036515962332487109,"z":-0.0023148662876337768,"w":-0.9973287582397461},"size":10.0,"orthographic":false}