{"cameraMode":{"drawMode":0,"name":"Shaded","section":"Shading Mode"},"sceneLighting":false,"audioPlay":false,"sceneViewState":{"showFog":false,"showMaterialUpdate":false,"showSkybox":false,"showFlares":false,"showImageEffects":false,"showParticleSystems":false},"in2DMode":false,"pivot":{"x":0.6071797609329224,"y":1.3283411264419556,"z":0.3444620668888092},"rotation":{"x":0.2682790756225586,"y":-0.4729417860507965,"z":0.15382647514343263,"w":0.8250592350959778},"size":1.4433345794677735,"orthographic":false}