{"cameraMode":{"drawMode":0,"name":"Shaded","section":"Shading Mode"},"sceneLighting":false,"audioPlay":false,"sceneViewState":{"showFog":false,"showMaterialUpdate":false,"showSkybox":false,"showFlares":false,"showImageEffects":false,"showParticleSystems":false},"in2DMode":false,"pivot":{"x":-0.74033522605896,"y":1.4011250734329224,"z":0.17642450332641602},"rotation":{"x":-0.06404687464237213,"y":0.1482357531785965,"z":-0.009617934003472329,"w":-0.9868445992469788},"size":6.300058364868164,"orthographic":false}