{"cameraMode":{"drawMode":0,"name":"Shaded","section":"Shading Mode"},"sceneLighting":true,"audioPlay":false,"sceneViewState":{"showFog":false,"showMaterialUpdate":false,"showSkybox":false,"showFlares":false,"showImageEffects":false,"showParticleSystems":false},"in2DMode":false,"pivot":{"x":0.13878069818019868,"y":1.6227813959121705,"z":10.711061477661133},"rotation":{"x":0.05333602800965309,"y":0.04224110022187233,"z":-0.0021679147612303497,"w":0.9977756142616272},"size":27.249788284301759,"orthographic":false}