{"cameraMode":{"drawMode":0,"name":"Shaded","section":"Shading Mode"},"sceneLighting":true,"audioPlay":false,"sceneViewState":{"showFog":false,"showMaterialUpdate":false,"showSkybox":false,"showFlares":false,"showImageEffects":false,"showParticleSystems":false},"in2DMode":false,"pivot":{"x":0.30717939138412478,"y":5.977510929107666,"z":-8.634110450744629},"rotation":{"x":-0.1911226063966751,"y":0.007948395796120167,"z":-0.0015445223543792964,"w":-0.9815467000007629},"size":3.900056838989258,"orthographic":false}