{"cameraMode":{"drawMode":0,"name":"Shaded","section":"Shading Mode"},"sceneLighting":true,"audioPlay":false,"sceneViewState":{"showFog":false,"showMaterialUpdate":false,"showSkybox":false,"showFlares":false,"showImageEffects":false,"showParticleSystems":false},"in2DMode":false,"pivot":{"x":1935.3714599609375,"y":-1565.0582275390625,"z":2133.303955078125},"rotation":{"x":0.22971707582473756,"y":0.3509199321269989,"z":-0.08922557532787323,"w":0.9034073352813721},"size":3312.798095703125,"orthographic":false}