{"cameraMode":{"drawMode":0,"name":"Shaded","section":"Shading Mode"},"sceneLighting":false,"audioPlay":false,"sceneViewState":{"showFog":false,"showMaterialUpdate":false,"showSkybox":false,"showFlares":false,"showImageEffects":false,"showParticleSystems":false},"in2DMode":false,"pivot":{"x":1.626389980316162,"y":0.68177330493927,"z":-0.04940462112426758},"rotation":{"x":0.024654757231473924,"y":0.14048470556735993,"z":-0.003466396126896143,"w":0.9897752404212952},"size":5.445234775543213,"orthographic":false}