{"cameraMode":{"drawMode":0,"name":"Shaded","section":"Shading Mode"},"sceneLighting":false,"audioPlay":false,"sceneViewState":{"showFog":false,"showMaterialUpdate":false,"showSkybox":false,"showFlares":false,"showImageEffects":false,"showParticleSystems":false},"in2DMode":false,"pivot":{"x":0.0,"y":0.25400006771087649,"z":-2.9802322387695315e-8},"rotation":{"x":0.045999687165021899,"y":0.5069782733917236,"z":-0.02707003243267536,"w":0.8603300452232361},"size":1.4518053531646729,"orthographic":false}