{"cameraMode":{"drawMode":0,"name":"Shaded","section":"Shading Mode"},"sceneLighting":false,"audioPlay":false,"sceneViewState":{"showFog":false,"showMaterialUpdate":false,"showSkybox":false,"showFlares":false,"showImageEffects":false,"showParticleSystems":false},"in2DMode":false,"pivot":{"x":1.695101261138916,"y":11.77623462677002,"z":-24.511188507080079},"rotation":{"x":0.1131579801440239,"y":-0.008954405784606934,"z":0.0010173626942560077,"w":0.9935824871063232},"size":2.020829200744629,"orthographic":false}