{"cameraMode":{"drawMode":0,"name":"Shaded","section":"Shading Mode"},"sceneLighting":false,"audioPlay":false,"sceneViewState":{"showFog":false,"showMaterialUpdate":false,"showSkybox":false,"showFlares":false,"showImageEffects":false,"showParticleSystems":false},"in2DMode":false,"pivot":{"x":-0.6223889589309692,"y":1.9867815971374512,"z":5.517669677734375},"rotation":{"x":-0.03475439175963402,"y":-0.31389757990837099,"z":-0.011452597565948964,"w":0.9487717747688294},"size":9.54710578918457,"orthographic":false}