{"cameraMode":{"drawMode":0,"name":"Shaded","section":"Shading Mode"},"sceneLighting":false,"audioPlay":false,"sceneViewState":{"showFog":false,"showMaterialUpdate":false,"showSkybox":false,"showFlares":false,"showImageEffects":false,"showParticleSystems":false},"in2DMode":false,"pivot":{"x":5.881747245788574,"y":2.480712890625,"z":0.37962019443511965},"rotation":{"x":0.012940219603478909,"y":-0.43628793954849245,"z":0.006317139137536287,"w":0.8997161388397217},"size":1.743335247039795,"orthographic":false}