{"cameraMode":{"drawMode":0,"name":"Shaded","section":"Shading Mode"},"sceneLighting":false,"audioPlay":false,"sceneViewState":{"showFog":false,"showMaterialUpdate":false,"showSkybox":false,"showFlares":false,"showImageEffects":false,"showParticleSystems":false},"in2DMode":false,"pivot":{"x":-1.0413668155670167,"y":0.2274676114320755,"z":-0.05999215319752693},"rotation":{"x":-0.017436247318983079,"y":-0.7292108535766602,"z":-0.01860288344323635,"w":0.6838335990905762},"size":3.9364075660705568,"orthographic":false}