{"cameraMode":{"drawMode":0,"name":"Shaded","section":"Shading Mode"},"sceneLighting":true,"audioPlay":false,"sceneViewState":{"showFog":false,"showMaterialUpdate":false,"showSkybox":false,"showFlares":false,"showImageEffects":false,"showParticleSystems":false},"in2DMode":false,"pivot":{"x":-0.3670538067817688,"y":8.792945861816407,"z":-2.8004932403564455},"rotation":{"x":0.36295169591903689,"y":-0.0052823652513325218,"z":0.002129425061866641,"w":0.9319007396697998},"size":2.020829200744629,"orthographic":false}