{"cameraMode":{"drawMode":0,"name":"Shaded","section":"Shading Mode"},"sceneLighting":true,"audioPlay":false,"sceneViewState":{"showFog":false,"showMaterialUpdate":false,"showSkybox":false,"showFlares":false,"showImageEffects":false,"showParticleSystems":false},"in2DMode":false,"pivot":{"x":4.573215007781982,"y":0.39999920129776,"z":4.459202766418457},"rotation":{"x":0.0895078182220459,"y":0.09101059287786484,"z":-0.00817585177719593,"w":0.9918444752693176},"size":3.217223882675171,"orthographic":false}