{"cameraMode":{"drawMode":0,"name":"Shaded","section":"Shading Mode"},"sceneLighting":false,"audioPlay":false,"sceneViewState":{"showFog":false,"showMaterialUpdate":false,"showSkybox":false,"showFlares":false,"showImageEffects":false,"showParticleSystems":false},"in2DMode":false,"pivot":{"x":0.9242806434631348,"y":0.3360881209373474,"z":4.9999494552612309},"rotation":{"x":0.01790454611182213,"y":-0.734329879283905,"z":0.01939808577299118,"w":0.6783415675163269},"size":2.020829200744629,"orthographic":false}