{"cameraMode":{"drawMode":0,"name":"Shaded","section":"Shading Mode"},"sceneLighting":false,"audioPlay":false,"sceneViewState":{"showFog":false,"showMaterialUpdate":false,"showSkybox":false,"showFlares":false,"showImageEffects":false,"showParticleSystems":false},"in2DMode":false,"pivot":{"x":-1.7093442678451539,"y":0.6839017868041992,"z":6.697763442993164},"rotation":{"x":-0.22924470901489259,"y":0.009341094642877579,"z":-0.002200774848461151,"w":-0.9733341336250305},"size":6.808432102203369,"orthographic":false}