{"cameraMode":{"drawMode":0,"name":"Shaded","section":"Shading Mode"},"sceneLighting":true,"audioPlay":false,"sceneViewState":{"showFog":false,"showMaterialUpdate":false,"showSkybox":false,"showFlares":false,"showImageEffects":false,"showParticleSystems":false},"in2DMode":false,"pivot":{"x":6.665501117706299,"y":-7.475686073303223,"z":41.90280532836914},"rotation":{"x":0.1479552537202835,"y":-0.0014836059417575598,"z":0.00022195634664967656,"w":0.9889979958534241},"size":57.35657501220703,"orthographic":false}