{"cameraMode":{"drawMode":0,"name":"Shaded","section":"Shading Mode"},"sceneLighting":false,"audioPlay":false,"sceneViewState":{"showFog":false,"showMaterialUpdate":false,"showSkybox":false,"showFlares":false,"showImageEffects":false,"showParticleSystems":false},"in2DMode":false,"pivot":{"x":-0.2255883663892746,"y":0.0645514726638794,"z":11.146724700927735},"rotation":{"x":-0.0804079994559288,"y":0.14065907895565034,"z":-0.011464601382613182,"w":-0.9867334365844727},"size":9.867918968200684,"orthographic":false}