{"cameraMode":{"drawMode":0,"name":"Shaded","section":"Shading Mode"},"sceneLighting":false,"audioPlay":false,"sceneViewState":{"showFog":false,"showMaterialUpdate":false,"showSkybox":false,"showFlares":false,"showImageEffects":false,"showParticleSystems":false},"in2DMode":false,"pivot":{"x":-0.08899908512830734,"y":0.4895900785923004,"z":-0.5164092779159546},"rotation":{"x":0.027873417362570764,"y":-0.04048382118344307,"z":0.0011493342462927104,"w":0.9988232254981995},"size":1.428942322731018,"orthographic":false}