{"cameraMode":{"drawMode":0,"name":"Shaded","section":"Shading Mode"},"sceneLighting":true,"audioPlay":false,"sceneViewState":{"showFog":false,"showMaterialUpdate":false,"showSkybox":false,"showFlares":false,"showImageEffects":false,"showParticleSystems":false},"in2DMode":false,"pivot":{"x":1.4525099992752076,"y":2.880002498626709,"z":3.375560760498047},"rotation":{"x":0.1256391704082489,"y":-0.020831990987062455,"z":0.0026388149708509447,"w":0.9918540716171265},"size":26.136966705322267,"orthographic":false}