{"cameraMode":{"drawMode":0,"name":"Shaded","section":"Shading Mode"},"sceneLighting":false,"audioPlay":false,"sceneViewState":{"showFog":false,"showMaterialUpdate":false,"showSkybox":false,"showFlares":false,"showImageEffects":false,"showParticleSystems":false},"in2DMode":false,"pivot":{"x":5.3488850593566898,"y":2.3740270137786867,"z":-2.2164618968963625},"rotation":{"x":0.02888491377234459,"y":-0.35352352261543276,"z":0.010964032262563706,"w":0.9349375367164612},"size":1.4433351755142213,"orthographic":false}