{"cameraMode":{"drawMode":0,"name":"Shaded","section":"Shading Mode"},"sceneLighting":false,"audioPlay":false,"sceneViewState":{"showFog":false,"showMaterialUpdate":false,"showSkybox":false,"showFlares":false,"showImageEffects":false,"showParticleSystems":false},"in2DMode":false,"pivot":{"x":10.61744499206543,"y":3.5369985103607179,"z":-1.436899185180664},"rotation":{"x":0.041266389191150668,"y":-0.49026167392730715,"z":0.023286886513233186,"w":0.8703161478042603},"size":1.743335247039795,"orthographic":false}